id,name,description,category,effect_type,target,value,trigger,special_handler_id,prerequisite_id
iron_skin,"Iron Skin","Your skin feels a little tougher.",stat_boost,multiplicative,player.max_hp,1.2,passive,,
sprinter,"Sprinter","You've always been quick on your feet.",stat_boost,multiplicative,player.move_speed,1.15,passive,,
second_wind,"Second Wind","You recover a little faster than most.",stat_boost,additive,player.hp_regen,1,passive,,
late_bloomer,"Late Bloomer","Each new level toughens you up a little more.",stat_boost,additive,player.max_hp,10,on_levelup,,
fast_hands,"Fast Hands","Reloading comes naturally to you now.",weapon_modifier,multiplicative,weapon.reload_time,0.8,passive,,
trigger_finger,"Trigger Finger","You squeeze off shots a little quicker.",weapon_modifier,multiplicative,weapon.fire_rate,1.15,passive,,
steady_hands,"Steady Hands","Your aim feels steadier.",weapon_modifier,multiplicative,weapon.spread,0.5,passive,,
big_clips,"Big Clips","You've rigged up a bigger magazine.",weapon_modifier,additive,weapon.magazine_size,5,passive,,
hot_loads,"Hot Loads","Your rounds feel a little more eager to arrive.",weapon_modifier,multiplicative,weapon.projectile_speed,1.2,passive,,
big_bore,"Big Bore","Every shot lands a little harder.",weapon_modifier,multiplicative,weapon.damage,1.15,passive,,
lucky_find,"Lucky Find","You seem to find better items.",utility,additive,player.pickup_luck,0.2,passive,,
magnet_fingers,"Magnet Fingers","Items seem to drift toward you.",utility,additive,player.pickup_radius,40,passive,,
low_profile,"Low Profile","You've gotten quieter, somehow.",utility,multiplicative,player.aggro_radius_multiplier,0.85,passive,,
sharp_mind,"Sharp Mind","Choices come a little easier now.",utility,additive,game.perk_choices_offered,1,passive,,
marksman,"Marksman","Your shots group tighter than they used to.",weapon_modifier,multiplicative,weapon.spread,0.7,passive,,
scavenger,"Scavenger","You have a nose for useful things.",utility,additive,player.pickup_radius,60,passive,,
overclock,"Overclock","Something in you fires just a bit faster.",weapon_modifier,multiplicative,weapon.fire_rate,1.25,passive,,
berserker,"Berserker","You hit faster, but you're more fragile.",risk_reward,multiplicative,weapon.fire_rate,1.3,passive,,
berserker,"Berserker","You hit faster, but you're more fragile.",risk_reward,multiplicative,player.max_hp,0.85,passive,,
glass_cannon,"Glass Cannon","Devastating firepower, fragile body.",risk_reward,multiplicative,weapon.damage,1.4,passive,,
glass_cannon,"Glass Cannon","Devastating firepower, fragile body.",risk_reward,multiplicative,player.max_hp,0.7,passive,,
lucky_break,"Lucky Break","Kills sometimes leave something behind.",special,special,,0.15,on_kill,bonus_pickup_on_kill,
